Name,Phone Number,Blood Group,Current Location,Latitude,Longitude
Rahim Ahmed,01710000001,A+,Dhaka,23.8103,90.4125
Karim Hasan,01710000002,B+,Gazipur,24.0023,90.4266
Nusrat Jahan,01710000003,O+,Chattogram,22.3569,91.7832
Sadia Islam,01710000004,AB+,Khulna,22.8456,89.5403
Tanvir Hossain,01710000005,A-,Rajshahi,24.3745,88.6042
Mim Akter,01710000006,B-,Sylhet,24.8949,91.8687
Sabbir Khan,01710000007,O-,Cumilla,23.4607,91.1809
Farzana Rahman,01710000008,AB-,Barishal,22.701,90.3535
Rifat Ali,01710000009,A+,Rangpur,25.7439,89.2752
Jannat Ara,01710000010,O+,Mymensingh,24.7471,90.4203
